-- --------------------------------------------------------
-- Servidor:                     127.0.0.1
-- Versão do servidor:           8.3.0 - MySQL Community Server - GPL
-- OS do Servidor:               Win64
-- HeidiSQL Versão:              12.11.0.7065
-- --------------------------------------------------------

/*!40101 SET @OLD_CHARACTER_SET_CLIENT=@@CHARACTER_SET_CLIENT */;
/*!40101 SET NAMES utf8 */;
/*!50503 SET NAMES utf8mb4 */;
/*!40103 SET @OLD_TIME_ZONE=@@TIME_ZONE */;
/*!40103 SET TIME_ZONE='+00:00' */;
/*!40014 SET @OLD_FOREIGN_KEY_CHECKS=@@FOREIGN_KEY_CHECKS, FOREIGN_KEY_CHECKS=0 */;
/*!40101 SET @OLD_SQL_MODE=@@SQL_MODE, SQL_MODE='NO_AUTO_VALUE_ON_ZERO' */;
/*!40111 SET @OLD_SQL_NOTES=@@SQL_NOTES, SQL_NOTES=0 */;


-- Copiando estrutura do banco de dados para saborbrasil
CREATE DATABASE IF NOT EXISTS `saborbrasil` /*!40100 DEFAULT CHARACTER SET utf8mb4 COLLATE utf8mb4_0900_ai_ci */ /*!80016 DEFAULT ENCRYPTION='N' */;
USE `saborbrasil`;

-- Copiando estrutura para tabela saborbrasil.cache
CREATE TABLE IF NOT EXISTS `cache` (
  `key` varchar(191) COLLATE utf8mb4_unicode_ci NOT NULL,
  `value` mediumtext COLLATE utf8mb4_unicode_ci NOT NULL,
  `expiration` int NOT NULL,
  PRIMARY KEY (`key`)
) ENGINE=MyISAM DEFAULT CHARSET=utf8mb4 COLLATE=utf8mb4_unicode_ci;

-- Copiando dados para a tabela saborbrasil.cache: 2 rows
/*!40000 ALTER TABLE `cache` DISABLE KEYS */;
INSERT INTO `cache` (`key`, `value`, `expiration`) VALUES
	('laravel-cache-kalillopeslima@gmail.com|127.0.0.1', 'i:1;', 1761761435),
	('laravel-cache-kalillopeslima@gmail.com|127.0.0.1:timer', 'i:1761761435;', 1761761435);
/*!40000 ALTER TABLE `cache` ENABLE KEYS */;

-- Copiando estrutura para tabela saborbrasil.cache_locks
CREATE TABLE IF NOT EXISTS `cache_locks` (
  `key` varchar(191) COLLATE utf8mb4_unicode_ci NOT NULL,
  `owner` varchar(191) COLLATE utf8mb4_unicode_ci NOT NULL,
  `expiration` int NOT NULL,
  PRIMARY KEY (`key`)
) ENGINE=MyISAM DEFAULT CHARSET=utf8mb4 COLLATE=utf8mb4_unicode_ci;

-- Copiando dados para a tabela saborbrasil.cache_locks: 0 rows
/*!40000 ALTER TABLE `cache_locks` DISABLE KEYS */;
/*!40000 ALTER TABLE `cache_locks` ENABLE KEYS */;

-- Copiando estrutura para tabela saborbrasil.comentarios
CREATE TABLE IF NOT EXISTS `comentarios` (
  `id` bigint unsigned NOT NULL AUTO_INCREMENT,
  `publicacao_id` bigint unsigned NOT NULL,
  `user_id` bigint unsigned NOT NULL,
  `comentario` text NOT NULL,
  `created_at` timestamp NULL DEFAULT NULL,
  `updated_at` timestamp NULL DEFAULT NULL,
  PRIMARY KEY (`id`),
  KEY `fk_comentarios_publicacao` (`publicacao_id`),
  KEY `fk_comentarios_user` (`user_id`)
) ENGINE=MyISAM AUTO_INCREMENT=9 DEFAULT CHARSET=utf8mb4 COLLATE=utf8mb4_0900_ai_ci;

-- Copiando dados para a tabela saborbrasil.comentarios: 1 rows
/*!40000 ALTER TABLE `comentarios` DISABLE KEYS */;
INSERT INTO `comentarios` (`id`, `publicacao_id`, `user_id`, `comentario`, `created_at`, `updated_at`) VALUES
	(5, 2, 1, 'muito bom', NULL, NULL);
/*!40000 ALTER TABLE `comentarios` ENABLE KEYS */;

-- Copiando estrutura para tabela saborbrasil.deslikes
CREATE TABLE IF NOT EXISTS `deslikes` (
  `id` bigint unsigned NOT NULL AUTO_INCREMENT,
  `publicacao_id` bigint unsigned NOT NULL,
  `user_id` bigint unsigned NOT NULL,
  `created_at` timestamp NULL DEFAULT NULL,
  `updated_at` timestamp NULL DEFAULT NULL,
  PRIMARY KEY (`id`),
  UNIQUE KEY `unique_dislike` (`publicacao_id`,`user_id`),
  KEY `fk_dislikes_user` (`user_id`)
) ENGINE=MyISAM AUTO_INCREMENT=23 DEFAULT CHARSET=utf8mb4 COLLATE=utf8mb4_0900_ai_ci;

-- Copiando dados para a tabela saborbrasil.deslikes: 4 rows
/*!40000 ALTER TABLE `deslikes` DISABLE KEYS */;
INSERT INTO `deslikes` (`id`, `publicacao_id`, `user_id`, `created_at`, `updated_at`) VALUES
	(5, 2, 2, '2025-10-23 04:50:02', '2025-10-23 04:50:02'),
	(9, 2, 3, '2025-10-23 05:09:32', '2025-10-23 05:09:32'),
	(10, 3, 3, '2025-10-23 05:09:36', '2025-10-23 05:09:36'),
	(22, 2, 1, '2025-10-28 19:20:06', '2025-10-28 19:20:06');
/*!40000 ALTER TABLE `deslikes` ENABLE KEYS */;

-- Copiando estrutura para tabela saborbrasil.empresa
CREATE TABLE IF NOT EXISTS `empresa` (
  `id` int NOT NULL AUTO_INCREMENT,
  `nome` varchar(255) NOT NULL,
  `logo` varchar(255) NOT NULL,
  `createdAt` timestamp NULL DEFAULT NULL,
  `updatedAt` timestamp NULL DEFAULT NULL,
  PRIMARY KEY (`id`)
) ENGINE=MyISAM AUTO_INCREMENT=2 DEFAULT CHARSET=utf8mb4 COLLATE=utf8mb4_0900_ai_ci;

-- Copiando dados para a tabela saborbrasil.empresa: 1 rows
/*!40000 ALTER TABLE `empresa` DISABLE KEYS */;
INSERT INTO `empresa` (`id`, `nome`, `logo`, `createdAt`, `updatedAt`) VALUES
	(1, '	Sabor do Brasil', 'imagens/logo/logo_sabor_do_brasil.png', '2023-11-23 13:49:17', '2021-02-22 12:13:55');
/*!40000 ALTER TABLE `empresa` ENABLE KEYS */;

-- Copiando estrutura para tabela saborbrasil.failed_jobs
CREATE TABLE IF NOT EXISTS `failed_jobs` (
  `id` bigint unsigned NOT NULL AUTO_INCREMENT,
  `uuid` varchar(191) COLLATE utf8mb4_unicode_ci NOT NULL,
  `connection` text COLLATE utf8mb4_unicode_ci NOT NULL,
  `queue` text COLLATE utf8mb4_unicode_ci NOT NULL,
  `payload` longtext COLLATE utf8mb4_unicode_ci NOT NULL,
  `exception` longtext COLLATE utf8mb4_unicode_ci NOT NULL,
  `failed_at` timestamp NOT NULL DEFAULT CURRENT_TIMESTAMP,
  PRIMARY KEY (`id`),
  UNIQUE KEY `failed_jobs_uuid_unique` (`uuid`)
) ENGINE=MyISAM DEFAULT CHARSET=utf8mb4 COLLATE=utf8mb4_unicode_ci;

-- Copiando dados para a tabela saborbrasil.failed_jobs: 0 rows
/*!40000 ALTER TABLE `failed_jobs` DISABLE KEYS */;
/*!40000 ALTER TABLE `failed_jobs` ENABLE KEYS */;

-- Copiando estrutura para tabela saborbrasil.jobs
CREATE TABLE IF NOT EXISTS `jobs` (
  `id` bigint unsigned NOT NULL AUTO_INCREMENT,
  `queue` varchar(191) COLLATE utf8mb4_unicode_ci NOT NULL,
  `payload` longtext COLLATE utf8mb4_unicode_ci NOT NULL,
  `attempts` tinyint unsigned NOT NULL,
  `reserved_at` int unsigned DEFAULT NULL,
  `available_at` int unsigned NOT NULL,
  `created_at` int unsigned NOT NULL,
  PRIMARY KEY (`id`),
  KEY `jobs_queue_index` (`queue`)
) ENGINE=MyISAM DEFAULT CHARSET=utf8mb4 COLLATE=utf8mb4_unicode_ci;

-- Copiando dados para a tabela saborbrasil.jobs: 0 rows
/*!40000 ALTER TABLE `jobs` DISABLE KEYS */;
/*!40000 ALTER TABLE `jobs` ENABLE KEYS */;

-- Copiando estrutura para tabela saborbrasil.job_batches
CREATE TABLE IF NOT EXISTS `job_batches` (
  `id` varchar(191) COLLATE utf8mb4_unicode_ci NOT NULL,
  `name` varchar(191) COLLATE utf8mb4_unicode_ci NOT NULL,
  `total_jobs` int NOT NULL,
  `pending_jobs` int NOT NULL,
  `failed_jobs` int NOT NULL,
  `failed_job_ids` longtext COLLATE utf8mb4_unicode_ci NOT NULL,
  `options` mediumtext COLLATE utf8mb4_unicode_ci,
  `cancelled_at` int DEFAULT NULL,
  `created_at` int NOT NULL,
  `finished_at` int DEFAULT NULL,
  PRIMARY KEY (`id`)
) ENGINE=MyISAM DEFAULT CHARSET=utf8mb4 COLLATE=utf8mb4_unicode_ci;

-- Copiando dados para a tabela saborbrasil.job_batches: 0 rows
/*!40000 ALTER TABLE `job_batches` DISABLE KEYS */;
/*!40000 ALTER TABLE `job_batches` ENABLE KEYS */;

-- Copiando estrutura para tabela saborbrasil.likes
CREATE TABLE IF NOT EXISTS `likes` (
  `id` bigint unsigned NOT NULL AUTO_INCREMENT,
  `publicacao_id` bigint unsigned NOT NULL,
  `user_id` bigint unsigned NOT NULL,
  `created_at` timestamp NULL DEFAULT NULL,
  `updated_at` timestamp NULL DEFAULT NULL,
  PRIMARY KEY (`id`),
  UNIQUE KEY `unique_like` (`publicacao_id`,`user_id`),
  KEY `fk_likes_user` (`user_id`)
) ENGINE=MyISAM AUTO_INCREMENT=20 DEFAULT CHARSET=utf8mb4 COLLATE=utf8mb4_0900_ai_ci;

-- Copiando dados para a tabela saborbrasil.likes: 5 rows
/*!40000 ALTER TABLE `likes` DISABLE KEYS */;
INSERT INTO `likes` (`id`, `publicacao_id`, `user_id`, `created_at`, `updated_at`) VALUES
	(4, 3, 2, '2025-10-23 04:50:08', '2025-10-23 04:50:08'),
	(5, 1, 3, '2025-10-23 05:09:23', '2025-10-23 05:09:23'),
	(16, 1, 1, '2025-10-25 02:26:04', '2025-10-25 02:26:04'),
	(18, 3, 1, '2025-10-28 19:17:20', '2025-10-28 19:17:20'),
	(19, 1, 2, '2025-10-28 19:17:48', '2025-10-28 19:17:48');
/*!40000 ALTER TABLE `likes` ENABLE KEYS */;

-- Copiando estrutura para tabela saborbrasil.migrations
CREATE TABLE IF NOT EXISTS `migrations` (
  `id` int unsigned NOT NULL AUTO_INCREMENT,
  `migration` varchar(191) COLLATE utf8mb4_unicode_ci NOT NULL,
  `batch` int NOT NULL,
  PRIMARY KEY (`id`)
) ENGINE=MyISAM AUTO_INCREMENT=4 DEFAULT CHARSET=utf8mb4 COLLATE=utf8mb4_unicode_ci;

-- Copiando dados para a tabela saborbrasil.migrations: 3 rows
/*!40000 ALTER TABLE `migrations` DISABLE KEYS */;
INSERT INTO `migrations` (`id`, `migration`, `batch`) VALUES
	(1, '0001_01_01_000000_create_users_table', 1),
	(2, '0001_01_01_000001_create_cache_table', 1),
	(3, '0001_01_01_000002_create_jobs_table', 1);
/*!40000 ALTER TABLE `migrations` ENABLE KEYS */;

-- Copiando estrutura para tabela saborbrasil.password_reset_tokens
CREATE TABLE IF NOT EXISTS `password_reset_tokens` (
  `email` varchar(191) COLLATE utf8mb4_unicode_ci NOT NULL,
  `token` varchar(191) COLLATE utf8mb4_unicode_ci NOT NULL,
  `created_at` timestamp NULL DEFAULT NULL,
  PRIMARY KEY (`email`)
) ENGINE=MyISAM DEFAULT CHARSET=utf8mb4 COLLATE=utf8mb4_unicode_ci;

-- Copiando dados para a tabela saborbrasil.password_reset_tokens: 0 rows
/*!40000 ALTER TABLE `password_reset_tokens` DISABLE KEYS */;
/*!40000 ALTER TABLE `password_reset_tokens` ENABLE KEYS */;

-- Copiando estrutura para tabela saborbrasil.publicacao
CREATE TABLE IF NOT EXISTS `publicacao` (
  `id` int NOT NULL AUTO_INCREMENT,
  `foto` varchar(255) NOT NULL,
  `titulo_prato` varchar(255) NOT NULL,
  `local` varchar(255) NOT NULL,
  `cidade` varchar(255) NOT NULL,
  `empresa_id` int NOT NULL,
  `createdAt` timestamp NULL DEFAULT NULL,
  `updatedAt` timestamp NULL DEFAULT NULL,
  PRIMARY KEY (`id`),
  KEY `empresa_id` (`empresa_id`)
) ENGINE=MyISAM AUTO_INCREMENT=4 DEFAULT CHARSET=utf8mb4 COLLATE=utf8mb4_0900_ai_ci;

-- Copiando dados para a tabela saborbrasil.publicacao: 3 rows
/*!40000 ALTER TABLE `publicacao` DISABLE KEYS */;
INSERT INTO `publicacao` (`id`, `foto`, `titulo_prato`, `local`, `cidade`, `empresa_id`, `createdAt`, `updatedAt`) VALUES
	(1, 'imagens/publicacao/publicacao01.png', 'Titulo do Prato 01', 'Local 01', 'Maceio-AL', 1, '2023-02-22 12:15:55', '2023-09-22 12:18:55'),
	(2, 'imagens/publicacao/publicacao02.png', 'Titulo do Prato 02', 'Local 02', 'Minas Gerais-MG', 1, '2023-02-22 12:10:55', '2023-02-22 12:16:55'),
	(3, 'imagens/publicacao/publicacao03.png', 'Titulo do Prato 03', 'Local 03', 'Rio de Janeiro-RJ', 1, '2023-02-22 12:13:55', '2023-02-22 12:15:55');
/*!40000 ALTER TABLE `publicacao` ENABLE KEYS */;

-- Copiando estrutura para tabela saborbrasil.sessions
CREATE TABLE IF NOT EXISTS `sessions` (
  `id` varchar(191) COLLATE utf8mb4_unicode_ci NOT NULL,
  `user_id` bigint unsigned DEFAULT NULL,
  `ip_address` varchar(45) COLLATE utf8mb4_unicode_ci DEFAULT NULL,
  `user_agent` text COLLATE utf8mb4_unicode_ci,
  `payload` longtext COLLATE utf8mb4_unicode_ci NOT NULL,
  `last_activity` int NOT NULL,
  PRIMARY KEY (`id`),
  KEY `sessions_user_id_index` (`user_id`),
  KEY `sessions_last_activity_index` (`last_activity`)
) ENGINE=MyISAM DEFAULT CHARSET=utf8mb4 COLLATE=utf8mb4_unicode_ci;

-- Copiando dados para a tabela saborbrasil.sessions: 4 rows
/*!40000 ALTER TABLE `sessions` DISABLE KEYS */;
INSERT INTO `sessions` (`id`, `user_id`, `ip_address`, `user_agent`, `payload`, `last_activity`) VALUES
	('EbMM5SWiVITeifnZrUKnEsSoilGAtinaaRbfZW5f', 1, '127.0.0.1', 'Mozilla/5.0 (Windows NT 10.0; Win64; x64) AppleWebKit/537.36 (KHTML, like Gecko) Chrome/141.0.0.0 Safari/537.36', 'YTo0OntzOjY6Il90b2tlbiI7czo0MDoiODd4d0doTFVtVnZBQmNsNVoyS2JwTGg1dUlFUEhmOHdUR2NVZmlYZyI7czo2OiJfZmxhc2giO2E6Mjp7czozOiJvbGQiO2E6MDp7fXM6MzoibmV3IjthOjA6e319czo5OiJfcHJldmlvdXMiO2E6MTp7czozOiJ1cmwiO3M6MjE6Imh0dHA6Ly8xMjcuMC4wLjE6ODAwMCI7fXM6NTA6ImxvZ2luX3dlYl81OWJhMzZhZGRjMmIyZjk0MDE1ODBmMDE0YzdmNThlYTRlMzA5ODlkIjtpOjE7fQ==', 1761753686),
	('sF1iKpAKa7wkd1867UCHvQuuOGbkduvNFgcSrFKf', NULL, '127.0.0.1', 'Mozilla/5.0 (Windows NT 10.0; Win64; x64) AppleWebKit/537.36 (KHTML, like Gecko) Chrome/141.0.0.0 Safari/537.36', 'YTozOntzOjY6Il90b2tlbiI7czo0MDoiRnU5Ymxmb3lwUTFIRG9zVmNGTklWM1NINW55NmJJbVJSeXhXQzNaSiI7czo2OiJfZmxhc2giO2E6Mjp7czozOiJvbGQiO2E6MDp7fXM6MzoibmV3IjthOjA6e319czo5OiJfcHJldmlvdXMiO2E6MTp7czozOiJ1cmwiO3M6MjE6Imh0dHA6Ly8xMjcuMC4wLjE6ODAwMCI7fX0=', 1761761473);
/*!40000 ALTER TABLE `sessions` ENABLE KEYS */;

-- Copiando estrutura para tabela saborbrasil.users
CREATE TABLE IF NOT EXISTS `users` (
  `id` bigint unsigned NOT NULL AUTO_INCREMENT,
  `nome` varchar(191) COLLATE utf8mb4_unicode_ci NOT NULL,
  `nickname` varchar(250) COLLATE utf8mb4_unicode_ci NOT NULL,
  `email` varchar(191) COLLATE utf8mb4_unicode_ci NOT NULL,
  `email_verified_at` timestamp NULL DEFAULT NULL,
  `password` varchar(191) COLLATE utf8mb4_unicode_ci NOT NULL,
  `remember_token` varchar(100) COLLATE utf8mb4_unicode_ci DEFAULT NULL,
  `created_at` timestamp NULL DEFAULT NULL,
  `updated_at` timestamp NULL DEFAULT NULL,
  `foto` varchar(255) COLLATE utf8mb4_unicode_ci DEFAULT NULL,
  PRIMARY KEY (`id`),
  UNIQUE KEY `users_email_unique` (`email`)
) ENGINE=MyISAM AUTO_INCREMENT=4 DEFAULT CHARSET=utf8mb4 COLLATE=utf8mb4_unicode_ci;

-- Copiando dados para a tabela saborbrasil.users: 3 rows
/*!40000 ALTER TABLE `users` DISABLE KEYS */;
INSERT INTO `users` (`id`, `nome`, `nickname`, `email`, `email_verified_at`, `password`, `remember_token`, `created_at`, `updated_at`, `foto`) VALUES
	(1, 'usuario01', 'usuario_01', 'usuario01@usuario.com', '2025-10-22 00:06:57', '$2y$12$dgHJJD1ofG8t6.QPZ/QpMeGoMfAMH0LtnqjSyhFXbo5NT83h7mlbu', NULL, '2023-06-22 12:13:55', '2025-10-22 03:14:35', 'imagens/foto_usuarios/usuario_01.jpg'),
	(2, 'usuario02', 'usuario_02', 'usuario02@usuario.com', '2025-10-22 00:06:57', '$2y$12$v07Fmuv8Bol2Pqox3s5ggOIhot7x0.Hqcd4KacjWFxFvGswSlA71G', NULL, '2023-02-22 12:13:55', '2025-10-22 03:15:08', 'imagens/foto_usuarios/usuario_02.jpg'),
	(3, 'usuario03', 'usuario_03', 'usuario03@usuario.com', '2025-10-22 00:06:57', '$2y$12$q7MkHNxznlYWtKw0erR4g.xVyvGsZpdZIceC.zVXTSg3NPdRS5yZS', NULL, '2023-08-22 12:13:55', '2025-10-22 03:20:06', 'imagens/foto_usuarios/usuario_03.jpg');
/*!40000 ALTER TABLE `users` ENABLE KEYS */;

/*!40103 SET TIME_ZONE=IFNULL(@OLD_TIME_ZONE, 'system') */;
/*!40101 SET SQL_MODE=IFNULL(@OLD_SQL_MODE, '') */;
/*!40014 SET FOREIGN_KEY_CHECKS=IFNULL(@OLD_FOREIGN_KEY_CHECKS, 1) */;
/*!40101 SET CHARACTER_SET_CLIENT=@OLD_CHARACTER_SET_CLIENT */;
/*!40111 SET SQL_NOTES=IFNULL(@OLD_SQL_NOTES, 1) */;
